filename,object_location,image_small,image_thumb
ajctomorgen.pdf,/objects/ajctomorgen.pdf,/objects/small/ajctomorgen_sm.jpg,/objects/thumbs/ajctomorgen_th.jpg
ajctopresident.pdf,/objects/ajctopresident.pdf,/objects/small/ajctopresident_sm.jpg,/objects/thumbs/ajctopresident_th.jpg
allies_silence_on_jews.pdf,/objects/allies_silence_on_jews.pdf,/objects/small/allies_silence_on_jews_sm.jpg,/objects/thumbs/allies_silence_on_jews_th.jpg
anton_reithingers_offices.pdf,/objects/anton_reithingers_offices.pdf,/objects/small/anton_reithingers_offices_sm.jpg,/objects/thumbs/anton_reithingers_offices_th.jpg
arrangementsapprovedbytreasury.pdf,/objects/arrangementsapprovedbytreasury.pdf,/objects/small/arrangementsapprovedbytreasury_sm.jpg,/objects/thumbs/arrangementsapprovedbytreasury_th.jpg
asagreedtointreasury.pdf,/objects/asagreedtointreasury.pdf,/objects/small/asagreedtointreasury_sm.jpg,/objects/thumbs/asagreedtointreasury_th.jpg
assignments_transfers_memo.pdf,/objects/assignments_transfers_memo.pdf,/objects/small/assignments_transfers_memo_sm.jpg,/objects/thumbs/assignments_transfers_memo_th.jpg
assingments_transfers_continued.pdf,/objects/assingments_transfers_continued.pdf,/objects/small/assingments_transfers_continued_sm.jpg,/objects/thumbs/assingments_transfers_continued_th.jpg
benefits_for_british_industry.pdf,/objects/benefits_for_british_industry.pdf,/objects/small/benefits_for_british_industry_sm.jpg,/objects/thumbs/benefits_for_british_industry_th.jpg
berlinsourcetelegram.pdf,/objects/berlinsourcetelegram.pdf,/objects/small/berlinsourcetelegram_sm.jpg,/objects/thumbs/berlinsourcetelegram_th.jpg
betty_keane_federal_employment.pdf,/objects/betty_keane_federal_employment.pdf,/objects/small/betty_keane_federal_employment_sm.jpg,/objects/thumbs/betty_keane_federal_employment_th.jpg
boundsforrefugeefunds.pdf,/objects/boundsforrefugeefunds.pdf,/objects/small/boundsforrefugeefunds_sm.jpg,/objects/thumbs/boundsforrefugeefunds_th.jpg
breckinridge_long_statement.pdf,/objects/breckinridge_long_statement.pdf,/objects/small/breckinridge_long_statement_sm.jpg,/objects/thumbs/breckinridge_long_statement_th.jpg
british_embassy_to_pehle.pdf,/objects/british_embassy_to_pehle.pdf,/objects/small/british_embassy_to_pehle_sm.jpg,/objects/thumbs/british_embassy_to_pehle_th.jpg
cable_ambassador_winant_morgenthau.pdf,/objects/cable_ambassador_winant_morgenthau.pdf,/objects/small/cable_ambassador_winant_morgenthau_sm.jpg,/objects/thumbs/cable_ambassador_winant_morgenthau_th.jpg
cableconcern.pdf,/objects/cableconcern.pdf,/objects/small/cableconcern_sm.jpg,/objects/thumbs/cableconcern_th.jpg
cablesixtwosixnineattached.pdf,/objects/cablesixtwosixnineattached.pdf,/objects/small/cablesixtwosixnineattached_sm.jpg,/objects/thumbs/cablesixtwosixnineattached_th.jpg
cablesletters.pdf,/objects/cablesletters.pdf,/objects/small/cablesletters_sm.jpg,/objects/thumbs/cablesletters_th.jpg
carl_lautenschlaeger_charges.pdf,/objects/carl_lautenschlaeger_charges.pdf,/objects/small/carl_lautenschlaeger_charges_sm.jpg,/objects/thumbs/carl_lautenschlaeger_charges_th.jpg
carl_ludwig_lautenschlaegers_offices.pdf,/objects/carl_ludwig_lautenschlaegers_offices.pdf,/objects/small/carl_ludwig_lautenschlaegers_offices_sm.jpg,/objects/thumbs/carl_ludwig_lautenschlaegers_offices_th.jpg
christian_schneider_offices.pdf,/objects/christian_schneider_offices.pdf,/objects/small/christian_schneider_offices_sm.jpg,/objects/thumbs/christian_schneider_offices_th.jpg
chronological_facts_to_program_france.pdf,/objects/chronological_facts_to_program_france.pdf,/objects/small/chronological_facts_to_program_france_sm.jpg,/objects/thumbs/chronological_facts_to_program_france_th.jpg
cio_backs_refugee_free_ports.pdf,/objects/cio_backs_refugee_free_ports.pdf,/objects/small/cio_backs_refugee_free_ports_sm.jpg,/objects/thumbs/cio_backs_refugee_free_ports_th.jpg
commonplanconspiracy.pdf,/objects/commonplanconspiracy.pdf,/objects/small/commonplanconspiracy_sm.jpg,/objects/thumbs/commonplanconspiracy_th.jpg
concerntelegram.pdf,/objects/concerntelegram.pdf,/objects/small/concerntelegram_sm.jpg,/objects/thumbs/concerntelegram_th.jpg
conference_suggestion.pdf,/objects/conference_suggestion.pdf,/objects/small/conference_suggestion_sm.jpg,/objects/thumbs/conference_suggestion_th.jpg
conference_with_consul.pdf,/objects/conference_with_consul.pdf,/objects/small/conference_with_consul_sm.jpg,/objects/thumbs/conference_with_consul_th.jpg
conferenceprogram_jewsfleeromania.pdf,/objects/conferenceprogram_jewsfleeromania.pdf,/objects/small/conferenceprogram_jewsfleeromania_sm.jpg,/objects/thumbs/conferenceprogram_jewsfleeromania_th.jpg
confidential_telegram_secretary_state.pdf,/objects/confidential_telegram_secretary_state.pdf,/objects/small/confidential_telegram_secretary_state_sm.jpg,/objects/thumbs/confidential_telegram_secretary_state_th.jpg
confidentialcode.pdf,/objects/confidentialcode.pdf,/objects/small/confidentialcode_sm.jpg,/objects/thumbs/confidentialcode_th.jpg
confidentialwarcounts.pdf,/objects/confidentialwarcounts.pdf,/objects/small/confidentialwarcounts_sm.jpg,/objects/thumbs/confidentialwarcounts_th.jpg
congresscommentprogramrescueofjews.pdf,/objects/congresscommentprogramrescueofjews.pdf,/objects/small/congresscommentprogramrescueofjews_sm.jpg,/objects/thumbs/congresscommentprogramrescueofjews_th.jpg
contentsofevaluation.pdf,/objects/contentsofevaluation.pdf,/objects/small/contentsofevaluation_sm.jpg,/objects/thumbs/contentsofevaluation_th.jpg
contentsoffolder.pdf,/objects/contentsoffolder.pdf,/objects/small/contentsoffolder_sm.jpg,/objects/thumbs/contentsoffolder_th.jpg
continuation_usa_against_carlkrauch.pdf,/objects/continuation_usa_against_carlkrauch.pdf,/objects/small/continuation_usa_against_carlkrauch_sm.jpg,/objects/thumbs/continuation_usa_against_carlkrauch_th.jpg
control_developmentof_germanyeconomy.pdf,/objects/control_developmentof_germanyeconomy.pdf,/objects/small/control_developmentof_germanyeconomy_sm.jpg,/objects/thumbs/control_developmentof_germanyeconomy_th.jpg
cordellresponsetomorgenthau.pdf,/objects/cordellresponsetomorgenthau.pdf,/objects/small/cordellresponsetomorgenthau_sm.jpg,/objects/thumbs/cordellresponsetomorgenthau_th.jpg
courttwocasenine.pdf,/objects/courttwocasenine.pdf,/objects/small/courttwocasenine_sm.jpg,/objects/thumbs/courttwocasenine_th.jpg
crocodile_tears.pdf,/objects/crocodile_tears.pdf,/objects/small/crocodile_tears_sm.jpg,/objects/thumbs/crocodile_tears_th.jpg
david_karr_letter.pdf,/objects/david_karr_letter.pdf,/objects/small/david_karr_letter_sm.jpg,/objects/thumbs/david_karr_letter_th.jpg
dec_seventeenth_response_letter.pdf,/objects/dec_seventeenth_response_letter.pdf,/objects/small/dec_seventeenth_response_letter_sm.jpg,/objects/thumbs/dec_seventeenth_response_letter_th.jpg
deliverto_stephen.pdf,/objects/deliverto_stephen.pdf,/objects/small/deliverto_stephen_sm.jpg,/objects/thumbs/deliverto_stephen_th.jpg
departmentcableexchange.pdf,/objects/departmentcableexchange.pdf,/objects/small/departmentcableexchange_sm.jpg,/objects/thumbs/departmentcableexchange_th.jpg
developments_world_jewish_congress.pdf,/objects/developments_world_jewish_congress.pdf,/objects/small/developments_world_jewish_congress_sm.jpg,/objects/thumbs/developments_world_jewish_congress_th.jpg
dissolution_economics.pdf,/objects/dissolution_economics.pdf,/objects/small/dissolution_economics_sm.jpg,/objects/thumbs/dissolution_economics_th.jpg
donotaccept_privatereports.pdf,/objects/donotaccept_privatereports.pdf,/objects/small/donotaccept_privatereports_sm.jpg,/objects/thumbs/donotaccept_privatereports_th.jpg
dr_ungar_assignment.pdf,/objects/dr_ungar_assignment.pdf,/objects/small/dr_ungar_assignment_sm.jpg,/objects/thumbs/dr_ungar_assignment_th.jpg
draftcabletobern.pdf,/objects/draftcabletobern.pdf,/objects/small/draftcabletobern_sm.jpg,/objects/thumbs/draftcabletobern_th.jpg
draftsecret.pdf,/objects/draftsecret.pdf,/objects/small/draftsecret_sm.jpg,/objects/thumbs/draftsecret_th.jpg
dubois_from_morgenthau.pdf,/objects/dubois_from_morgenthau.pdf,/objects/small/dubois_from_morgenthau_sm.jpg,/objects/thumbs/dubois_from_morgenthau_th.jpg
economic_restitution_by_grmy.pdf,/objects/economic_restitution_by_grmy.pdf,/objects/small/economic_restitution_by_grmy_sm.jpg,/objects/thumbs/economic_restitution_by_grmy_th.jpg
editmemo.pdf,/objects/editmemo.pdf,/objects/small/editmemo_sm.jpg,/objects/thumbs/editmemo_th.jpg
edwin_nosignature_josiah.pdf,/objects/edwin_nosignature_josiah.pdf,/objects/small/edwin_nosignature_josiah_sm.jpg,/objects/thumbs/edwin_nosignature_josiah_th.jpg
edwintojosiah.pdf,/objects/edwintojosiah.pdf,/objects/small/edwintojosiah_sm.jpg,/objects/thumbs/edwintojosiah_th.jpg
ee_minskoff_recommendation.pdf,/objects/ee_minskoff_recommendation.pdf,/objects/small/ee_minskoff_recommendation_sm.jpg,/objects/thumbs/ee_minskoff_recommendation_th.jpg
ee_minskoff_tasks.pdf,/objects/ee_minskoff_tasks.pdf,/objects/small/ee_minskoff_tasks_sm.jpg,/objects/thumbs/ee_minskoff_tasks_th.jpg
employment_cables.pdf,/objects/employment_cables.pdf,/objects/small/employment_cables_sm.jpg,/objects/thumbs/employment_cables_th.jpg
erich_von_der_heydes_offices.pdf,/objects/erich_von_der_heydes_offices.pdf,/objects/small/erich_von_der_heydes_offices_sm.jpg,/objects/thumbs/erich_von_der_heydes_offices_th.jpg
ernst_burgin_offices.pdf,/objects/ernst_burgin_offices.pdf,/objects/small/ernst_burgin_offices_sm.jpg,/objects/thumbs/ernst_burgin_offices_th.jpg
ernst_struss_offices.pdf,/objects/ernst_struss_offices.pdf,/objects/small/ernst_struss_offices_sm.jpg,/objects/thumbs/ernst_struss_offices_th.jpg
europe_strong_industrial germany.pdf,/objects/europe_strong_industrial germany.pdf,/objects/small/europe_strong_industrial germany_sm.jpg,/objects/thumbs/europe_strong_industrial germany_th.jpg
evacuate_jews_plan.pdf,/objects/evacuate_jews_plan.pdf,/objects/small/evacuate_jews_plan_sm.jpg,/objects/thumbs/evacuate_jews_plan_th.jpg
evacuationofjewishrefugees_index.pdf,/objects/evacuationofjewishrefugees_index.pdf,/objects/small/evacuationofjewishrefugees_index_sm.jpg,/objects/thumbs/evacuationofjewishrefugees_index_th.jpg
evacuationofregugees.pdf,/objects/evacuationofregugees.pdf,/objects/small/evacuationofregugees_sm.jpg,/objects/thumbs/evacuationofregugees_th.jpg
evacuationproposal.pdf,/objects/evacuationproposal.pdf,/objects/small/evacuationproposal_sm.jpg,/objects/thumbs/evacuationproposal_th.jpg
exitcertificate.pdf,/objects/exitcertificate.pdf,/objects/small/exitcertificate_sm.jpg,/objects/thumbs/exitcertificate_th.jpg
failureofbermudaconference.pdf,/objects/failureofbermudaconference.pdf,/objects/small/failureofbermudaconference_sm.jpg,/objects/thumbs/failureofbermudaconference_th.jpg
farben_case_one.pdf,/objects/farben_case_one.pdf,/objects/small/farben_case_one_sm.jpg,/objects/thumbs/farben_case_one_th.jpg
farben_case_three.pdf,/objects/farben_case_three.pdf,/objects/small/farben_case_three_sm.jpg,/objects/thumbs/farben_case_three_th.jpg
farben_case_two.pdf,/objects/farben_case_two.pdf,/objects/small/farben_case_two_sm.jpg,/objects/thumbs/farben_case_two_th.jpg
farben_defendant_document.pdf,/objects/farben_defendant_document.pdf,/objects/small/farben_defendant_document_sm.jpg,/objects/thumbs/farben_defendant_document_th.jpg
farben_team_report.pdf,/objects/farben_team_report.pdf,/objects/small/farben_team_report_sm.jpg,/objects/thumbs/farben_team_report_th.jpg
fdr_memo_morgenthau.pdf,/objects/fdr_memo_morgenthau.pdf,/objects/small/fdr_memo_morgenthau_sm.jpg,/objects/thumbs/fdr_memo_morgenthau_th.jpg
fdrmessagetocongress.pdf,/objects/fdrmessagetocongress.pdf,/objects/small/fdrmessagetocongress_sm.jpg,/objects/thumbs/fdrmessagetocongress_th.jpg
federal_conduct_europe.pdf,/objects/federal_conduct_europe.pdf,/objects/small/federal_conduct_europe_sm.jpg,/objects/thumbs/federal_conduct_europe_th.jpg
ferdinand_brertrams_offices.pdf,/objects/ferdinand_brertrams_offices.pdf,/objects/small/ferdinand_brertrams_offices_sm.jpg,/objects/thumbs/ferdinand_brertrams_offices_th.jpg
finalpageofusaagainstkarl.pdf,/objects/finalpageofusaagainstkarl.pdf,/objects/small/finalpageofusaagainstkarl_sm.jpg,/objects/thumbs/finalpageofusaagainstkarl_th.jpg
first_great_step_taken.pdf,/objects/first_great_step_taken.pdf,/objects/small/first_great_step_taken_sm.jpg,/objects/thumbs/first_great_step_taken_th.jpg
follow_up_hodel_memo.pdf,/objects/follow_up_hodel_memo.pdf,/objects/small/follow_up_hodel_memo_sm.jpg,/objects/thumbs/follow_up_hodel_memo_th.jpg
foryourinformation.pdf,/objects/foryourinformation.pdf,/objects/small/foryourinformation_sm.jpg,/objects/thumbs/foryourinformation_th.jpg
frank_fahle_continued.pdf,/objects/frank_fahle_continued.pdf,/objects/small/frank_fahle_continued_sm.jpg,/objects/thumbs/frank_fahle_continued_th.jpg
frank_fahle_interrogation.pdf,/objects/frank_fahle_interrogation.pdf,/objects/small/frank_fahle_interrogation_sm.jpg,/objects/thumbs/frank_fahle_interrogation_th.jpg
friedrich_hermmann_charges.pdf,/objects/friedrich_hermmann_charges.pdf,/objects/small/friedrich_hermmann_charges_sm.jpg,/objects/thumbs/friedrich_hermmann_charges_th.jpg
friedrich_jaehne_charges.pdf,/objects/friedrich_jaehne_charges.pdf,/objects/small/friedrich_jaehne_charges_sm.jpg,/objects/thumbs/friedrich_jaehne_charges_th.jpg
friedrich_jahne_offices.pdf,/objects/friedrich_jahne_offices.pdf,/objects/small/friedrich_jahne_offices_sm.jpg,/objects/thumbs/friedrich_jahne_offices_th.jpg
fritz_gajewski_charges.pdf,/objects/fritz_gajewski_charges.pdf,/objects/small/fritz_gajewski_charges_sm.jpg,/objects/thumbs/fritz_gajewski_charges_th.jpg
fritz_gajewski_offices.pdf,/objects/fritz_gajewski_offices.pdf,/objects/small/fritz_gajewski_offices_sm.jpg,/objects/thumbs/fritz_gajewski_offices_th.jpg
fritz_ter_meer_offices.pdf,/objects/fritz_ter_meer_offices.pdf,/objects/small/fritz_ter_meer_offices_sm.jpg,/objects/thumbs/fritz_ter_meer_offices_th.jpg
fromburns_forvictor.pdf,/objects/fromburns_forvictor.pdf,/objects/small/fromburns_forvictor_sm.jpg,/objects/thumbs/fromburns_forvictor_th.jpg
fundingmethodcable.pdf,/objects/fundingmethodcable.pdf,/objects/small/fundingmethodcable_sm.jpg,/objects/thumbs/fundingmethodcable_th.jpg
fundsforriegner.pdf,/objects/fundsforriegner.pdf,/objects/small/fundsforriegner_sm.jpg,/objects/thumbs/fundsforriegner_th.jpg
futureforgermany.pdf,/objects/futureforgermany.pdf,/objects/small/futureforgermany_sm.jpg,/objects/thumbs/futureforgermany_th.jpg
generalpeopleofeurope.pdf,/objects/generalpeopleofeurope.pdf,/objects/small/generalpeopleofeurope_sm.jpg,/objects/thumbs/generalpeopleofeurope_th.jpg
georg_august_eduard_offices.pdf,/objects/georg_august_eduard_offices.pdf,/objects/small/georg_august_eduard_offices_sm.jpg,/objects/thumbs/georg_august_eduard_offices_th.jpg
georg_august_eduard_von_schintzlers_offices.pdf,/objects/georg_august_eduard_von_schintzlers_offices.pdf,/objects/small/georg_august_eduard_von_schintzlers_offices_sm.jpg,/objects/thumbs/georg_august_eduard_von_schintzlers_offices_th.jpg
georg_von_schnitzler_interrogation.pdf,/objects/georg_von_schnitzler_interrogation.pdf,/objects/small/georg_von_schnitzler_interrogation_sm.jpg,/objects/thumbs/georg_von_schnitzler_interrogation_th.jpg
german_militariam.pdf,/objects/german_militariam.pdf,/objects/small/german_militariam_sm.jpg,/objects/thumbs/german_militariam_th.jpg
german_reeducation.pdf,/objects/german_reeducation.pdf,/objects/small/german_reeducation_sm.jpg,/objects/thumbs/german_reeducation_th.jpg
gunther_frank_fahles_offices.pdf,/objects/gunther_frank_fahles_offices.pdf,/objects/small/gunther_frank_fahles_offices_sm.jpg,/objects/thumbs/gunther_frank_fahles_offices_th.jpg
handwrittenpacketonjews.pdf,/objects/handwrittenpacketonjews.pdf,/objects/small/handwrittenpacketonjews_sm.jpg,/objects/thumbs/handwrittenpacketonjews_th.jpg
handwrittenpacketonstatedepartment.pdf,/objects/handwrittenpacketonstatedepartment.pdf,/objects/small/handwrittenpacketonstatedepartment_sm.jpg,/objects/thumbs/handwrittenpacketonstatedepartment_th.jpg
hans_kuglers_offices.pdf,/objects/hans_kuglers_offices.pdf,/objects/small/hans_kuglers_offices_sm.jpg,/objects/thumbs/hans_kuglers_offices_th.jpg
hans_kuhne_offices.pdf,/objects/hans_kuhne_offices.pdf,/objects/small/hans_kuhne_offices_sm.jpg,/objects/thumbs/hans_kuhne_offices_th.jpg
harrison_hull_fullpage.pdf,/objects/harrison_hull_fullpage.pdf,/objects/small/harrison_hull_fullpage_sm.jpg,/objects/thumbs/harrison_hull_fullpage_th.jpg
harrisontohull_sectionone.pdf,/objects/harrisontohull_sectionone.pdf,/objects/small/harrisontohull_sectionone_sm.jpg,/objects/thumbs/harrisontohull_sectionone_th.jpg
harrisontohull_sectionthree.pdf,/objects/harrisontohull_sectionthree.pdf,/objects/small/harrisontohull_sectionthree_sm.jpg,/objects/thumbs/harrisontohull_sectionthree_th.jpg
harrisontohull_sectiontwo.pdf,/objects/harrisontohull_sectiontwo.pdf,/objects/small/harrisontohull_sectiontwo_sm.jpg,/objects/thumbs/harrisontohull_sectiontwo_th.jpg
hebrewandcollector.pdf,/objects/hebrewandcollector.pdf,/objects/small/hebrewandcollector_sm.jpg,/objects/thumbs/hebrewandcollector_th.jpg
heinfich_butefischs_offices_continued.pdf,/objects/heinfich_butefischs_offices_continued.pdf,/objects/small/heinfich_butefischs_offices_continued_sm.jpg,/objects/thumbs/heinfich_butefischs_offices_continued_th.jpg
heinrich_buetefisch_charges.pdf,/objects/heinrich_buetefisch_charges.pdf,/objects/small/heinrich_buetefisch_charges_sm.jpg,/objects/thumbs/heinrich_buetefisch_charges_th.jpg
heinrich_gattineau_offices.pdf,/objects/heinrich_gattineau_offices.pdf,/objects/small/heinrich_gattineau_offices_sm.jpg,/objects/thumbs/heinrich_gattineau_offices_th.jpg
heinrich_osters_offices.pdf,/objects/heinrich_osters_offices.pdf,/objects/small/heinrich_osters_offices_sm.jpg,/objects/thumbs/heinrich_osters_offices_th.jpg
helmuth_borgwardts_offices.pdf,/objects/helmuth_borgwardts_offices.pdf,/objects/small/helmuth_borgwardts_offices_sm.jpg,/objects/thumbs/helmuth_borgwardts_offices_th.jpg
herman_schmitz_offices.pdf,/objects/herman_schmitz_offices.pdf,/objects/small/herman_schmitz_offices_sm.jpg,/objects/thumbs/herman_schmitz_offices_th.jpg
hermann_schmits_offices.pdf,/objects/hermann_schmits_offices.pdf,/objects/small/hermann_schmits_offices_sm.jpg,/objects/thumbs/hermann_schmits_offices_th.jpg
hermann_schmitz_charges.pdf,/objects/hermann_schmitz_charges.pdf,/objects/small/hermann_schmitz_charges_sm.jpg,/objects/thumbs/hermann_schmitz_charges_th.jpg
hitleras_saviorofthe_smallnations.pdf,/objects/hitleras_saviorofthe_smallnations.pdf,/objects/small/hitleras_saviorofthe_smallnations_sm.jpg,/objects/thumbs/hitleras_saviorofthe_smallnations_th.jpg
hitlers_last_arguments.pdf,/objects/hitlers_last_arguments.pdf,/objects/small/hitlers_last_arguments_sm.jpg,/objects/thumbs/hitlers_last_arguments_th.jpg
hodel_program_france_letter.pdf,/objects/hodel_program_france_letter.pdf,/objects/small/hodel_program_france_letter_sm.jpg,/objects/thumbs/hodel_program_france_letter_th.jpg
hodel_to_palin_memo.pdf,/objects/hodel_to_palin_memo.pdf,/objects/small/hodel_to_palin_memo_sm.jpg,/objects/thumbs/hodel_to_palin_memo_th.jpg
hopefulhints_endsbermuda_sessions.pdf,/objects/hopefulhints_endsbermuda_sessions.pdf,/objects/small/hopefulhints_endsbermuda_sessions_sm.jpg,/objects/thumbs/hopefulhints_endsbermuda_sessions_th.jpg
houseresolution_threefifty.pdf,/objects/houseresolution_threefifty.pdf,/objects/small/houseresolution_threefifty_sm.jpg,/objects/thumbs/houseresolution_threefifty_th.jpg
houseresolution_threefiftytwo.pdf,/objects/houseresolution_threefiftytwo.pdf,/objects/small/houseresolution_threefiftytwo_sm.jpg,/objects/thumbs/houseresolution_threefiftytwo_th.jpg
houseresolution_twozerothree.pdf,/objects/houseresolution_twozerothree.pdf,/objects/small/houseresolution_twozerothree_sm.jpg,/objects/thumbs/houseresolution_twozerothree_th.jpg
hull_draft_memo_ambassador.pdf,/objects/hull_draft_memo_ambassador.pdf,/objects/small/hull_draft_memo_ambassador_sm.jpg,/objects/thumbs/hull_draft_memo_ambassador_th.jpg
ig_farben_defensants_list.pdf,/objects/ig_farben_defensants_list.pdf,/objects/small/ig_farben_defensants_list_sm.jpg,/objects/thumbs/ig_farben_defensants_list_th.jpg
indexbooklet.pdf,/objects/indexbooklet.pdf,/objects/small/indexbooklet_sm.jpg,/objects/thumbs/indexbooklet_th.jpg
infoonjewsinnaziterritory.pdf,/objects/infoonjewsinnaziterritory.pdf,/objects/small/infoonjewsinnaziterritory_sm.jpg,/objects/thumbs/infoonjewsinnaziterritory_th.jpg
information_of_hull.pdf,/objects/information_of_hull.pdf,/objects/small/information_of_hull_sm.jpg,/objects/thumbs/information_of_hull_th.jpg
insert_a_defendants.pdf,/objects/insert_a_defendants.pdf,/objects/small/insert_a_defendants_sm.jpg,/objects/thumbs/insert_a_defendants_th.jpg
inter_department_communication.pdf,/objects/inter_department_communication.pdf,/objects/small/inter_department_communication_sm.jpg,/objects/thumbs/inter_department_communication_th.jpg
international_handling_of_refugees_suggested.pdf,/objects/international_handling_of_refugees_suggested.pdf,/objects/small/international_handling_of_refugees_suggested_sm.jpg,/objects/thumbs/international_handling_of_refugees_suggested_th.jpg
international_military_packet.pdf,/objects/international_military_packet.pdf,/objects/small/international_military_packet_sm.jpg,/objects/thumbs/international_military_packet_th.jpg
interview_berendt_memo.pdf,/objects/interview_berendt_memo.pdf,/objects/small/interview_berendt_memo_sm.jpg,/objects/thumbs/interview_berendt_memo_th.jpg
invitetravel.pdf,/objects/invitetravel.pdf,/objects/small/invitetravel_sm.jpg,/objects/thumbs/invitetravel_th.jpg
jewish_numbers_in_europe.pdf,/objects/jewish_numbers_in_europe.pdf,/objects/small/jewish_numbers_in_europe_sm.jpg,/objects/thumbs/jewish_numbers_in_europe_th.jpg
jewishagencies.pdf,/objects/jewishagencies.pdf,/objects/small/jewishagencies_sm.jpg,/objects/thumbs/jewishagencies_th.jpg
jewishnumbers.pdf,/objects/jewishnumbers.pdf,/objects/small/jewishnumbers_sm.jpg,/objects/thumbs/jewishnumbers_th.jpg
jewsandthe_unitednations.pdf,/objects/jewsandthe_unitednations.pdf,/objects/small/jewsandthe_unitednations_sm.jpg,/objects/thumbs/jewsandthe_unitednations_th.jpg
job_description_request.pdf,/objects/job_description_request.pdf,/objects/small/job_description_request_sm.jpg,/objects/thumbs/job_description_request_th.jpg
job_description_sheets.pdf,/objects/job_description_sheets.pdf,/objects/small/job_description_sheets_sm.jpg,/objects/thumbs/job_description_sheets_th.jpg
johann_august_von_knieriem_offices.pdf,/objects/johann_august_von_knieriem_offices.pdf,/objects/small/johann_august_von_knieriem_offices_sm.jpg,/objects/thumbs/johann_august_von_knieriem_offices_th.jpg
josaphine_klein_federal_employment.pdf,/objects/josaphine_klein_federal_employment.pdf,/objects/small/josaphine_klein_federal_employment_sm.jpg,/objects/thumbs/josaphine_klein_federal_employment_th.jpg
joshiahticket.pdf,/objects/joshiahticket.pdf,/objects/small/joshiahticket_sm.jpg,/objects/thumbs/joshiahticket_th.jpg
joshiahtowashington.pdf,/objects/joshiahtowashington.pdf,/objects/small/joshiahtowashington_sm.jpg,/objects/thumbs/joshiahtowashington_th.jpg
josiahtreasuryform.pdf,/objects/josiahtreasuryform.pdf,/objects/small/josiahtreasuryform_sm.jpg,/objects/thumbs/josiahtreasuryform_th.jpg
jost_terharrs_offices.pdf,/objects/jost_terharrs_offices.pdf,/objects/small/jost_terharrs_offices_sm.jpg,/objects/thumbs/jost_terharrs_offices_th.jpg
judgeandersonquestion.pdf,/objects/judgeandersonquestion.pdf,/objects/small/judgeandersonquestion_sm.jpg,/objects/thumbs/judgeandersonquestion_th.jpg
judgeletter.pdf,/objects/judgeletter.pdf,/objects/small/judgeletter_sm.jpg,/objects/thumbs/judgeletter_th.jpg
judgementofnurembergandprinciplelegality.pdf,/objects/judgementofnurembergandprinciplelegality.pdf,/objects/small/judgementofnurembergandprinciplelegality_sm.jpg,/objects/thumbs/judgementofnurembergandprinciplelegality_th.jpg
judgementofthetribunalcase.pdf,/objects/judgementofthetribunalcase.pdf,/objects/small/judgementofthetribunalcase_sm.jpg,/objects/thumbs/judgementofthetribunalcase_th.jpg
june_note.pdf,/objects/june_note.pdf,/objects/small/june_note_sm.jpg,/objects/thumbs/june_note_th.jpg
karl_krauch_offices.pdf,/objects/karl_krauch_offices.pdf,/objects/small/karl_krauch_offices_sm.jpg,/objects/thumbs/karl_krauch_offices_th.jpg
karl_pfeiffers_offices.pdf,/objects/karl_pfeiffers_offices.pdf,/objects/small/karl_pfeiffers_offices_sm.jpg,/objects/thumbs/karl_pfeiffers_offices_th.jpg
karl_von_heiders_offices.pdf,/objects/karl_von_heiders_offices.pdf,/objects/small/karl_von_heiders_offices_sm.jpg,/objects/thumbs/karl_von_heiders_offices_th.jpg
karl_wursters_offices.pdf,/objects/karl_wursters_offices.pdf,/objects/small/karl_wursters_offices_sm.jpg,/objects/thumbs/karl_wursters_offices_th.jpg
khreport_page_eight.pdf,/objects/khreport_page_eight.pdf,/objects/small/khreport_page_eight_sm.jpg,/objects/thumbs/khreport_page_eight_th.jpg
khreport_page_eighteen.pdf,/objects/khreport_page_eighteen.pdf,/objects/small/khreport_page_eighteen_sm.jpg,/objects/thumbs/khreport_page_eighteen_th.jpg
khreport_page_eleven.pdf,/objects/khreport_page_eleven.pdf,/objects/small/khreport_page_eleven_sm.jpg,/objects/thumbs/khreport_page_eleven_th.jpg
khreport_page_fifteen.pdf,/objects/khreport_page_fifteen.pdf,/objects/small/khreport_page_fifteen_sm.jpg,/objects/thumbs/khreport_page_fifteen_th.jpg
khreport_page_fifty.pdf,/objects/khreport_page_fifty.pdf,/objects/small/khreport_page_fifty_sm.jpg,/objects/thumbs/khreport_page_fifty_th.jpg
khreport_page_fiftyfive.pdf,/objects/khreport_page_fiftyfive.pdf,/objects/small/khreport_page_fiftyfive_sm.jpg,/objects/thumbs/khreport_page_fiftyfive_th.jpg
khreport_page_fiftyfour.pdf,/objects/khreport_page_fiftyfour.pdf,/objects/small/khreport_page_fiftyfour_sm.jpg,/objects/thumbs/khreport_page_fiftyfour_th.jpg
khreport_page_fiftynine.pdf,/objects/khreport_page_fiftynine.pdf,/objects/small/khreport_page_fiftynine_sm.jpg,/objects/thumbs/khreport_page_fiftynine_th.jpg
khreport_page_fiftyone.pdf,/objects/khreport_page_fiftyone.pdf,/objects/small/khreport_page_fiftyone_sm.jpg,/objects/thumbs/khreport_page_fiftyone_th.jpg
khreport_page_fiftyseven.pdf,/objects/khreport_page_fiftyseven.pdf,/objects/small/khreport_page_fiftyseven_sm.jpg,/objects/thumbs/khreport_page_fiftyseven_th.jpg
khreport_page_fiftysix.pdf,/objects/khreport_page_fiftysix.pdf,/objects/small/khreport_page_fiftysix_sm.jpg,/objects/thumbs/khreport_page_fiftysix_th.jpg
khreport_page_fiftythree.pdf,/objects/khreport_page_fiftythree.pdf,/objects/small/khreport_page_fiftythree_sm.jpg,/objects/thumbs/khreport_page_fiftythree_th.jpg
khreport_page_fiftytwo.pdf,/objects/khreport_page_fiftytwo.pdf,/objects/small/khreport_page_fiftytwo_sm.jpg,/objects/thumbs/khreport_page_fiftytwo_th.jpg
khreport_page_five.pdf,/objects/khreport_page_five.pdf,/objects/small/khreport_page_five_sm.jpg,/objects/thumbs/khreport_page_five_th.jpg
khreport_page_forty.pdf,/objects/khreport_page_forty.pdf,/objects/small/khreport_page_forty_sm.jpg,/objects/thumbs/khreport_page_forty_th.jpg
khreport_page_fortyeight.pdf,/objects/khreport_page_fortyeight.pdf,/objects/small/khreport_page_fortyeight_sm.jpg,/objects/thumbs/khreport_page_fortyeight_th.jpg
khreport_page_fortyfive.pdf,/objects/khreport_page_fortyfive.pdf,/objects/small/khreport_page_fortyfive_sm.jpg,/objects/thumbs/khreport_page_fortyfive_th.jpg
khreport_page_fortyfour.pdf,/objects/khreport_page_fortyfour.pdf,/objects/small/khreport_page_fortyfour_sm.jpg,/objects/thumbs/khreport_page_fortyfour_th.jpg
khreport_page_fortynine.pdf,/objects/khreport_page_fortynine.pdf,/objects/small/khreport_page_fortynine_sm.jpg,/objects/thumbs/khreport_page_fortynine_th.jpg
khreport_page_fortyone.pdf,/objects/khreport_page_fortyone.pdf,/objects/small/khreport_page_fortyone_sm.jpg,/objects/thumbs/khreport_page_fortyone_th.jpg
khreport_page_fortyseven.pdf,/objects/khreport_page_fortyseven.pdf,/objects/small/khreport_page_fortyseven_sm.jpg,/objects/thumbs/khreport_page_fortyseven_th.jpg
khreport_page_fortysix.pdf,/objects/khreport_page_fortysix.pdf,/objects/small/khreport_page_fortysix_sm.jpg,/objects/thumbs/khreport_page_fortysix_th.jpg
khreport_page_fortythree.pdf,/objects/khreport_page_fortythree.pdf,/objects/small/khreport_page_fortythree_sm.jpg,/objects/thumbs/khreport_page_fortythree_th.jpg
khreport_page_fortytwo.pdf,/objects/khreport_page_fortytwo.pdf,/objects/small/khreport_page_fortytwo_sm.jpg,/objects/thumbs/khreport_page_fortytwo_th.jpg
khreport_page_four.pdf,/objects/khreport_page_four.pdf,/objects/small/khreport_page_four_sm.jpg,/objects/thumbs/khreport_page_four_th.jpg
khreport_page_fourteen.pdf,/objects/khreport_page_fourteen.pdf,/objects/small/khreport_page_fourteen_sm.jpg,/objects/thumbs/khreport_page_fourteen_th.jpg
khreport_page_nine.pdf,/objects/khreport_page_nine.pdf,/objects/small/khreport_page_nine_sm.jpg,/objects/thumbs/khreport_page_nine_th.jpg
khreport_page_nineteen.pdf,/objects/khreport_page_nineteen.pdf,/objects/small/khreport_page_nineteen_sm.jpg,/objects/thumbs/khreport_page_nineteen_th.jpg
khreport_page_seven.pdf,/objects/khreport_page_seven.pdf,/objects/small/khreport_page_seven_sm.jpg,/objects/thumbs/khreport_page_seven_th.jpg
khreport_page_seventeen.pdf,/objects/khreport_page_seventeen.pdf,/objects/small/khreport_page_seventeen_sm.jpg,/objects/thumbs/khreport_page_seventeen_th.jpg
khreport_page_six.pdf,/objects/khreport_page_six.pdf,/objects/small/khreport_page_six_sm.jpg,/objects/thumbs/khreport_page_six_th.jpg
khreport_page_sixteen.pdf,/objects/khreport_page_sixteen.pdf,/objects/small/khreport_page_sixteen_sm.jpg,/objects/thumbs/khreport_page_sixteen_th.jpg
khreport_page_sixty.pdf,/objects/khreport_page_sixty.pdf,/objects/small/khreport_page_sixty_sm.jpg,/objects/thumbs/khreport_page_sixty_th.jpg
khreport_page_ten.pdf,/objects/khreport_page_ten.pdf,/objects/small/khreport_page_ten_sm.jpg,/objects/thumbs/khreport_page_ten_th.jpg
khreport_page_thirteen.pdf,/objects/khreport_page_thirteen.pdf,/objects/small/khreport_page_thirteen_sm.jpg,/objects/thumbs/khreport_page_thirteen_th.jpg
khreport_page_thirty.pdf,/objects/khreport_page_thirty.pdf,/objects/small/khreport_page_thirty_sm.jpg,/objects/thumbs/khreport_page_thirty_th.jpg
khreport_page_thirtyeight.pdf,/objects/khreport_page_thirtyeight.pdf,/objects/small/khreport_page_thirtyeight_sm.jpg,/objects/thumbs/khreport_page_thirtyeight_th.jpg
khreport_page_thirtyfive.pdf,/objects/khreport_page_thirtyfive.pdf,/objects/small/khreport_page_thirtyfive_sm.jpg,/objects/thumbs/khreport_page_thirtyfive_th.jpg
khreport_page_thirtyfour.pdf,/objects/khreport_page_thirtyfour.pdf,/objects/small/khreport_page_thirtyfour_sm.jpg,/objects/thumbs/khreport_page_thirtyfour_th.jpg
khreport_page_thirtynine.pdf,/objects/khreport_page_thirtynine.pdf,/objects/small/khreport_page_thirtynine_sm.jpg,/objects/thumbs/khreport_page_thirtynine_th.jpg
khreport_page_thirtyone.pdf,/objects/khreport_page_thirtyone.pdf,/objects/small/khreport_page_thirtyone_sm.jpg,/objects/thumbs/khreport_page_thirtyone_th.jpg
khreport_page_thirtyseven.pdf,/objects/khreport_page_thirtyseven.pdf,/objects/small/khreport_page_thirtyseven_sm.jpg,/objects/thumbs/khreport_page_thirtyseven_th.jpg
khreport_page_thirtysix.pdf,/objects/khreport_page_thirtysix.pdf,/objects/small/khreport_page_thirtysix_sm.jpg,/objects/thumbs/khreport_page_thirtysix_th.jpg
khreport_page_thirtythree.pdf,/objects/khreport_page_thirtythree.pdf,/objects/small/khreport_page_thirtythree_sm.jpg,/objects/thumbs/khreport_page_thirtythree_th.jpg
khreport_page_thirtytwo.pdf,/objects/khreport_page_thirtytwo.pdf,/objects/small/khreport_page_thirtytwo_sm.jpg,/objects/thumbs/khreport_page_thirtytwo_th.jpg
khreport_page_three.pdf,/objects/khreport_page_three.pdf,/objects/small/khreport_page_three_sm.jpg,/objects/thumbs/khreport_page_three_th.jpg
khreport_page_twelve.pdf,/objects/khreport_page_twelve.pdf,/objects/small/khreport_page_twelve_sm.jpg,/objects/thumbs/khreport_page_twelve_th.jpg
khreport_page_twenty.pdf,/objects/khreport_page_twenty.pdf,/objects/small/khreport_page_twenty_sm.jpg,/objects/thumbs/khreport_page_twenty_th.jpg
khreport_page_twentyeight.pdf,/objects/khreport_page_twentyeight.pdf,/objects/small/khreport_page_twentyeight_sm.jpg,/objects/thumbs/khreport_page_twentyeight_th.jpg
khreport_page_twentyfive.pdf,/objects/khreport_page_twentyfive.pdf,/objects/small/khreport_page_twentyfive_sm.jpg,/objects/thumbs/khreport_page_twentyfive_th.jpg
khreport_page_twentyfour.pdf,/objects/khreport_page_twentyfour.pdf,/objects/small/khreport_page_twentyfour_sm.jpg,/objects/thumbs/khreport_page_twentyfour_th.jpg
khreport_page_twentynine.pdf,/objects/khreport_page_twentynine.pdf,/objects/small/khreport_page_twentynine_sm.jpg,/objects/thumbs/khreport_page_twentynine_th.jpg
khreport_page_twentyone.pdf,/objects/khreport_page_twentyone.pdf,/objects/small/khreport_page_twentyone_sm.jpg,/objects/thumbs/khreport_page_twentyone_th.jpg
khreport_page_twentyseven.pdf,/objects/khreport_page_twentyseven.pdf,/objects/small/khreport_page_twentyseven_sm.jpg,/objects/thumbs/khreport_page_twentyseven_th.jpg
khreport_page_twentysix.pdf,/objects/khreport_page_twentysix.pdf,/objects/small/khreport_page_twentysix_sm.jpg,/objects/thumbs/khreport_page_twentysix_th.jpg
khreport_page_twentythree.pdf,/objects/khreport_page_twentythree.pdf,/objects/small/khreport_page_twentythree_sm.jpg,/objects/thumbs/khreport_page_twentythree_th.jpg
khreport_page_twentytwo.pdf,/objects/khreport_page_twentytwo.pdf,/objects/small/khreport_page_twentytwo_sm.jpg,/objects/thumbs/khreport_page_twentytwo_th.jpg
khreport_page_two.pdf,/objects/khreport_page_two.pdf,/objects/small/khreport_page_two_sm.jpg,/objects/thumbs/khreport_page_two_th.jpg
khreport_partiii_page_fifty.pdf,/objects/khreport_partiii_page_fifty.pdf,/objects/small/khreport_partiii_page_fifty_sm.jpg,/objects/thumbs/khreport_partiii_page_fifty_th.jpg
khreport_partiii_page_fiftyeight.pdf,/objects/khreport_partiii_page_fiftyeight.pdf,/objects/small/khreport_partiii_page_fiftyeight_sm.jpg,/objects/thumbs/khreport_partiii_page_fiftyeight_th.jpg
khreport_partiii_page_fiftyfive.pdf,/objects/khreport_partiii_page_fiftyfive.pdf,/objects/small/khreport_partiii_page_fiftyfive_sm.jpg,/objects/thumbs/khreport_partiii_page_fiftyfive_th.jpg
khreport_partiii_page_fiftyfour.pdf,/objects/khreport_partiii_page_fiftyfour.pdf,/objects/small/khreport_partiii_page_fiftyfour_sm.jpg,/objects/thumbs/khreport_partiii_page_fiftyfour_th.jpg
khreport_partiii_page_fiftynine.pdf,/objects/khreport_partiii_page_fiftynine.pdf,/objects/small/khreport_partiii_page_fiftynine_sm.jpg,/objects/thumbs/khreport_partiii_page_fiftynine_th.jpg
khreport_partiii_page_fiftyone.pdf,/objects/khreport_partiii_page_fiftyone.pdf,/objects/small/khreport_partiii_page_fiftyone_sm.jpg,/objects/thumbs/khreport_partiii_page_fiftyone_th.jpg
khreport_partiii_page_fiftyseven.pdf,/objects/khreport_partiii_page_fiftyseven.pdf,/objects/small/khreport_partiii_page_fiftyseven_sm.jpg,/objects/thumbs/khreport_partiii_page_fiftyseven_th.jpg
khreport_partiii_page_fiftysix.pdf,/objects/khreport_partiii_page_fiftysix.pdf,/objects/small/khreport_partiii_page_fiftysix_sm.jpg,/objects/thumbs/khreport_partiii_page_fiftysix_th.jpg
khreport_partiii_page_fiftythree.pdf,/objects/khreport_partiii_page_fiftythree.pdf,/objects/small/khreport_partiii_page_fiftythree_sm.jpg,/objects/thumbs/khreport_partiii_page_fiftythree_th.jpg
khreport_partiii_page_fiftytwo.pdf,/objects/khreport_partiii_page_fiftytwo.pdf,/objects/small/khreport_partiii_page_fiftytwo_sm.jpg,/objects/thumbs/khreport_partiii_page_fiftytwo_th.jpg
khreport_partiii_page_fortyeight.pdf,/objects/khreport_partiii_page_fortyeight.pdf,/objects/small/khreport_partiii_page_fortyeight_sm.jpg,/objects/thumbs/khreport_partiii_page_fortyeight_th.jpg
khreport_partiii_page_fortynine.pdf,/objects/khreport_partiii_page_fortynine.pdf,/objects/small/khreport_partiii_page_fortynine_sm.jpg,/objects/thumbs/khreport_partiii_page_fortynine_th.jpg
khreport_partiii_page_fortyseven.pdf,/objects/khreport_partiii_page_fortyseven.pdf,/objects/small/khreport_partiii_page_fortyseven_sm.jpg,/objects/thumbs/khreport_partiii_page_fortyseven_th.jpg
khreport_partiii_page_fortysix.pdf,/objects/khreport_partiii_page_fortysix.pdf,/objects/small/khreport_partiii_page_fortysix_sm.jpg,/objects/thumbs/khreport_partiii_page_fortysix_th.jpg
khreport_partiii_page_seventy.pdf,/objects/khreport_partiii_page_seventy.pdf,/objects/small/khreport_partiii_page_seventy_sm.jpg,/objects/thumbs/khreport_partiii_page_seventy_th.jpg
khreport_partiii_page_sixty.pdf,/objects/khreport_partiii_page_sixty.pdf,/objects/small/khreport_partiii_page_sixty_sm.jpg,/objects/thumbs/khreport_partiii_page_sixty_th.jpg
khreport_partiii_page_sixtyeight.pdf,/objects/khreport_partiii_page_sixtyeight.pdf,/objects/small/khreport_partiii_page_sixtyeight_sm.jpg,/objects/thumbs/khreport_partiii_page_sixtyeight_th.jpg
khreport_partiii_page_sixtyfive.pdf,/objects/khreport_partiii_page_sixtyfive.pdf,/objects/small/khreport_partiii_page_sixtyfive_sm.jpg,/objects/thumbs/khreport_partiii_page_sixtyfive_th.jpg
khreport_partiii_page_sixtyfour.pdf,/objects/khreport_partiii_page_sixtyfour.pdf,/objects/small/khreport_partiii_page_sixtyfour_sm.jpg,/objects/thumbs/khreport_partiii_page_sixtyfour_th.jpg
khreport_partiii_page_sixtynine.pdf,/objects/khreport_partiii_page_sixtynine.pdf,/objects/small/khreport_partiii_page_sixtynine_sm.jpg,/objects/thumbs/khreport_partiii_page_sixtynine_th.jpg
khreport_partiii_page_sixtyone.pdf,/objects/khreport_partiii_page_sixtyone.pdf,/objects/small/khreport_partiii_page_sixtyone_sm.jpg,/objects/thumbs/khreport_partiii_page_sixtyone_th.jpg
khreport_partiii_page_sixtyseven.pdf,/objects/khreport_partiii_page_sixtyseven.pdf,/objects/small/khreport_partiii_page_sixtyseven_sm.jpg,/objects/thumbs/khreport_partiii_page_sixtyseven_th.jpg
khreport_partiii_page_sixtysix.pdf,/objects/khreport_partiii_page_sixtysix.pdf,/objects/small/khreport_partiii_page_sixtysix_sm.jpg,/objects/thumbs/khreport_partiii_page_sixtysix_th.jpg
khreport_partiii_page_sixtythree.pdf,/objects/khreport_partiii_page_sixtythree.pdf,/objects/small/khreport_partiii_page_sixtythree_sm.jpg,/objects/thumbs/khreport_partiii_page_sixtythree_th.jpg
khreport_partiii_page_sixtytwo.pdf,/objects/khreport_partiii_page_sixtytwo.pdf,/objects/small/khreport_partiii_page_sixtytwo_sm.jpg,/objects/thumbs/khreport_partiii_page_sixtytwo_th.jpg
krauch_continued.pdf,/objects/krauch_continued.pdf,/objects/small/krauch_continued_sm.jpg,/objects/thumbs/krauch_continued_th.jpg
kugleroffense.pdf,/objects/kugleroffense.pdf,/objects/small/kugleroffense_sm.jpg,/objects/thumbs/kugleroffense_th.jpg
kurt_krugers_offices.pdf,/objects/kurt_krugers_offices.pdf,/objects/small/kurt_krugers_offices_sm.jpg,/objects/thumbs/kurt_krugers_offices_th.jpg
letter_attachment_memo_paul.pdf,/objects/letter_attachment_memo_paul.pdf,/objects/small/letter_attachment_memo_paul_sm.jpg,/objects/thumbs/letter_attachment_memo_paul_th.jpg
letter_treasury_licenses.pdf,/objects/letter_treasury_licenses.pdf,/objects/small/letter_treasury_licenses_sm.jpg,/objects/thumbs/letter_treasury_licenses_th.jpg
letterfrom_morgenthau_to_cordell.pdf,/objects/letterfrom_morgenthau_to_cordell.pdf,/objects/small/letterfrom_morgenthau_to_cordell_sm.jpg,/objects/thumbs/letterfrom_morgenthau_to_cordell_th.jpg
letterfromwise_towelles.pdf,/objects/letterfromwise_towelles.pdf,/objects/small/letterfromwise_towelles_sm.jpg,/objects/thumbs/letterfromwise_towelles_th.jpg
letters_judge_recommendations.pdf,/objects/letters_judge_recommendations.pdf,/objects/small/letters_judge_recommendations_sm.jpg,/objects/thumbs/letters_judge_recommendations_th.jpg
list_of_duties.pdf,/objects/list_of_duties.pdf,/objects/small/list_of_duties_sm.jpg,/objects/thumbs/list_of_duties_th.jpg
listofamericansfour.pdf,/objects/listofamericansfour.pdf,/objects/small/listofamericansfour_sm.jpg,/objects/thumbs/listofamericansfour_th.jpg
listofamericansthree.pdf,/objects/listofamericansthree.pdf,/objects/small/listofamericansthree_sm.jpg,/objects/thumbs/listofamericansthree_th.jpg
listofamericanstwo.pdf,/objects/listofamericanstwo.pdf,/objects/small/listofamericanstwo_sm.jpg,/objects/thumbs/listofamericanstwo_th.jpg
listoneamericansone.pdf,/objects/listoneamericansone.pdf,/objects/small/listoneamericansone_sm.jpg,/objects/thumbs/listoneamericansone_th.jpg
mann_arival.pdf,/objects/mann_arival.pdf,/objects/small/mann_arival_sm.jpg,/objects/thumbs/mann_arival_th.jpg
march_seventeenth_telegrams.pdf,/objects/march_seventeenth_telegrams.pdf,/objects/small/march_seventeenth_telegrams_sm.jpg,/objects/thumbs/march_seventeenth_telegrams_th.jpg
max_brueggemann_offices.pdf,/objects/max_brueggemann_offices.pdf,/objects/small/max_brueggemann_offices_sm.jpg,/objects/thumbs/max_brueggemann_offices_th.jpg
max_ilgners_offices_continued.pdf,/objects/max_ilgners_offices_continued.pdf,/objects/small/max_ilgners_offices_continued_sm.jpg,/objects/thumbs/max_ilgners_offices_continued_th.jpg
memo_for_the_files.pdf,/objects/memo_for_the_files.pdf,/objects/small/memo_for_the_files_sm.jpg,/objects/thumbs/memo_for_the_files_th.jpg
memo_telegram_seven_five_zero_six.pdf,/objects/memo_telegram_seven_five_zero_six.pdf,/objects/small/memo_telegram_seven_five_zero_six_sm.jpg,/objects/thumbs/memo_telegram_seven_five_zero_six_th.jpg
memo_to_hull.pdf,/objects/memo_to_hull.pdf,/objects/small/memo_to_hull_sm.jpg,/objects/thumbs/memo_to_hull_th.jpg
memoanddrafttobritishembassy.pdf,/objects/memoanddrafttobritishembassy.pdf,/objects/small/memoanddrafttobritishembassy_sm.jpg,/objects/thumbs/memoanddrafttobritishembassy_th.jpg
memodrafttofdr.pdf,/objects/memodrafttofdr.pdf,/objects/small/memodrafttofdr_sm.jpg,/objects/thumbs/memodrafttofdr_th.jpg
memofrommorgentopres.pdf,/objects/memofrommorgentopres.pdf,/objects/small/memofrommorgentopres_sm.jpg,/objects/thumbs/memofrommorgentopres_th.jpg
memofrompehle.pdf,/objects/memofrompehle.pdf,/objects/small/memofrompehle_sm.jpg,/objects/thumbs/memofrompehle_th.jpg
memoonbermudarefugeeconference.pdf,/objects/memoonbermudarefugeeconference.pdf,/objects/small/memoonbermudarefugeeconference_sm.jpg,/objects/thumbs/memoonbermudarefugeeconference_th.jpg
memoonbritishresponse.pdf,/objects/memoonbritishresponse.pdf,/objects/small/memoonbritishresponse_sm.jpg,/objects/thumbs/memoonbritishresponse_th.jpg
memorandum_on_german_foreign_assets_one.pdf,/objects/memorandum_on_german_foreign_assets_one.pdf,/objects/small/memorandum_on_german_foreign_assets_one_sm.jpg,/objects/thumbs/memorandum_on_german_foreign_assets_one_th.jpg
memorandum_on_german_foreign_assets_two.pdf,/objects/memorandum_on_german_foreign_assets_two.pdf,/objects/small/memorandum_on_german_foreign_assets_two_sm.jpg,/objects/thumbs/memorandum_on_german_foreign_assets_two_th.jpg
memorandumforgeneralclay.pdf,/objects/memorandumforgeneralclay.pdf,/objects/small/memorandumforgeneralclay_sm.jpg,/objects/thumbs/memorandumforgeneralclay_th.jpg
militarytribunalcasesix.pdf,/objects/militarytribunalcasesix.pdf,/objects/small/militarytribunalcasesix_sm.jpg,/objects/thumbs/militarytribunalcasesix_th.jpg
misc_draft_pages.pdf,/objects/misc_draft_pages.pdf,/objects/small/misc_draft_pages_sm.jpg,/objects/thumbs/misc_draft_pages_th.jpg
miss_pick_resignation.pdf,/objects/miss_pick_resignation.pdf,/objects/small/miss_pick_resignation_sm.jpg,/objects/thumbs/miss_pick_resignation_th.jpg
morgen_to_paul.pdf,/objects/morgen_to_paul.pdf,/objects/small/morgen_to_paul_sm.jpg,/objects/thumbs/morgen_to_paul_th.jpg
morgenthau_to_paul.pdf,/objects/morgenthau_to_paul.pdf,/objects/small/morgenthau_to_paul_sm.jpg,/objects/thumbs/morgenthau_to_paul_th.jpg
morgenthau_to_secretary_state.pdf,/objects/morgenthau_to_secretary_state.pdf,/objects/small/morgenthau_to_secretary_state_sm.jpg,/objects/thumbs/morgenthau_to_secretary_state_th.jpg
morgenthaumemoonly.pdf,/objects/morgenthaumemoonly.pdf,/objects/small/morgenthaumemoonly_sm.jpg,/objects/thumbs/morgenthaumemoonly_th.jpg
morgenthaureplydraft.pdf,/objects/morgenthaureplydraft.pdf,/objects/small/morgenthaureplydraft_sm.jpg,/objects/thumbs/morgenthaureplydraft_th.jpg
multiple_news_articles_nytimes.pdf,/objects/multiple_news_articles_nytimes.pdf,/objects/small/multiple_news_articles_nytimes_sm.jpg,/objects/thumbs/multiple_news_articles_nytimes_th.jpg
murder_of_jews.pdf,/objects/murder_of_jews.pdf,/objects/small/murder_of_jews_sm.jpg,/objects/thumbs/murder_of_jews_th.jpg
murphyheads_unittoaid_jewsin_nazifight.pdf,/objects/murphyheads_unittoaid_jewsin_nazifight.pdf,/objects/small/murphyheads_unittoaid_jewsin_nazifight_sm.jpg,/objects/thumbs/murphyheads_unittoaid_jewsin_nazifight_th.jpg
newspaper_justice_dept_trouble.pdf,/objects/newspaper_justice_dept_trouble.pdf,/objects/small/newspaper_justice_dept_trouble_sm.jpg,/objects/thumbs/newspaper_justice_dept_trouble_th.jpg
newspaper_release.pdf,/objects/newspaper_release.pdf,/objects/small/newspaper_release_sm.jpg,/objects/thumbs/newspaper_release_th.jpg
nuernbergrulesofprocedure.pdf,/objects/nuernbergrulesofprocedure.pdf,/objects/small/nuernbergrulesofprocedure_sm.jpg,/objects/thumbs/nuernbergrulesofprocedure_th.jpg
nuremberg_death_sentences.pdf,/objects/nuremberg_death_sentences.pdf,/objects/small/nuremberg_death_sentences_sm.jpg,/objects/thumbs/nuremberg_death_sentences_th.jpg
nurembergdeposition.pdf,/objects/nurembergdeposition.pdf,/objects/small/nurembergdeposition_sm.jpg,/objects/thumbs/nurembergdeposition_th.jpg
office_chief_counsel_letter.pdf,/objects/office_chief_counsel_letter.pdf,/objects/small/office_chief_counsel_letter_sm.jpg,/objects/thumbs/office_chief_counsel_letter_th.jpg
officialtranscript_usa_against_carlkrauch.pdf,/objects/officialtranscript_usa_against_carlkrauch.pdf,/objects/small/officialtranscript_usa_against_carlkrauch_sm.jpg,/objects/thumbs/officialtranscript_usa_against_carlkrauch_th.jpg
ok_memo.pdf,/objects/ok_memo.pdf,/objects/small/ok_memo_sm.jpg,/objects/thumbs/ok_memo_th.jpg
opposingpaymentone.pdf,/objects/opposingpaymentone.pdf,/objects/small/opposingpaymentone_sm.jpg,/objects/thumbs/opposingpaymentone_th.jpg
opposingpaymenttwo.pdf,/objects/opposingpaymenttwo.pdf,/objects/small/opposingpaymenttwo_sm.jpg,/objects/thumbs/opposingpaymenttwo_th.jpg
orderreplymemo.pdf,/objects/orderreplymemo.pdf,/objects/small/orderreplymemo_sm.jpg,/objects/thumbs/orderreplymemo_th.jpg
ordersfrom_secretary.pdf,/objects/ordersfrom_secretary.pdf,/objects/small/ordersfrom_secretary_sm.jpg,/objects/thumbs/ordersfrom_secretary_th.jpg
otto_ambros_offices.pdf,/objects/otto_ambros_offices.pdf,/objects/small/otto_ambros_offices_sm.jpg,/objects/thumbs/otto_ambros_offices_th.jpg
overthephone_meltzer.pdf,/objects/overthephone_meltzer.pdf,/objects/small/overthephone_meltzer_sm.jpg,/objects/thumbs/overthephone_meltzer_th.jpg
packet_cables_oct_eighteenth_swentyeight.pdf,/objects/packet_cables_oct_eighteenth_swentyeight.pdf,/objects/small/packet_cables_oct_eighteenth_swentyeight_sm.jpg,/objects/thumbs/packet_cables_oct_eighteenth_swentyeight_th.jpg
packet_one_ropudiation_of_versailles.pdf,/objects/packet_one_ropudiation_of_versailles.pdf,/objects/small/packet_one_ropudiation_of_versailles_sm.jpg,/objects/thumbs/packet_one_ropudiation_of_versailles_th.jpg
packetmemomorgenthau.pdf,/objects/packetmemomorgenthau.pdf,/objects/small/packetmemomorgenthau_sm.jpg,/objects/thumbs/packetmemomorgenthau_th.jpg
paraphrase_onetwofournine.pdf,/objects/paraphrase_onetwofournine.pdf,/objects/small/paraphrase_onetwofournine_sm.jpg,/objects/thumbs/paraphrase_onetwofournine_th.jpg
paraphrase_telegram_eightsevenseventeen.pdf,/objects/paraphrase_telegram_eightsevenseventeen.pdf,/objects/small/paraphrase_telegram_eightsevenseventeen_sm.jpg,/objects/thumbs/paraphrase_telegram_eightsevenseventeen_th.jpg
paraphrased_telegram_three_fifty_four.pdf,/objects/paraphrased_telegram_three_fifty_four.pdf,/objects/small/paraphrased_telegram_three_fifty_four_sm.jpg,/objects/thumbs/paraphrased_telegram_three_fifty_four_th.jpg
paraphrasetelegram.pdf,/objects/paraphrasetelegram.pdf,/objects/small/paraphrasetelegram_sm.jpg,/objects/thumbs/paraphrasetelegram_th.jpg
paraphrasetelegram_threeninetwonine.pdf,/objects/paraphrasetelegram_threeninetwonine.pdf,/objects/small/paraphrasetelegram_threeninetwonine_sm.jpg,/objects/thumbs/paraphrasetelegram_threeninetwonine_th.jpg
paraphrasetelegram_twothreeseventhree.pdf,/objects/paraphrasetelegram_twothreeseventhree.pdf,/objects/small/paraphrasetelegram_twothreeseventhree_sm.jpg,/objects/thumbs/paraphrasetelegram_twothreeseventhree_th.jpg
paraphrasing_of_telegrams.pdf,/objects/paraphrasing_of_telegrams.pdf,/objects/small/paraphrasing_of_telegrams_sm.jpg,/objects/thumbs/paraphrasing_of_telegrams_th.jpg
paratelegramtoharrison.pdf,/objects/paratelegramtoharrison.pdf,/objects/small/paratelegramtoharrison_sm.jpg,/objects/thumbs/paratelegramtoharrison_th.jpg
patediemconferenceone.pdf,/objects/patediemconferenceone.pdf,/objects/small/patediemconferenceone_sm.jpg,/objects/thumbs/patediemconferenceone_th.jpg
patediemconferencetwo.pdf,/objects/patediemconferencetwo.pdf,/objects/small/patediemconferencetwo_sm.jpg,/objects/thumbs/patediemconferencetwo_th.jpg
paul_dencker_continued.pdf,/objects/paul_dencker_continued.pdf,/objects/small/paul_dencker_continued_sm.jpg,/objects/thumbs/paul_dencker_continued_th.jpg
paul_dencker_interrogation.pdf,/objects/paul_dencker_interrogation.pdf,/objects/small/paul_dencker_interrogation_sm.jpg,/objects/thumbs/paul_dencker_interrogation_th.jpg
paul_haefliger_charges.pdf,/objects/paul_haefliger_charges.pdf,/objects/small/paul_haefliger_charges_sm.jpg,/objects/thumbs/paul_haefliger_charges_th.jpg
paul_haefliger_offices.pdf,/objects/paul_haefliger_offices.pdf,/objects/small/paul_haefliger_offices_sm.jpg,/objects/thumbs/paul_haefliger_offices_th.jpg
paulweisscoverletter.pdf,/objects/paulweisscoverletter.pdf,/objects/small/paulweisscoverletter_sm.jpg,/objects/thumbs/paulweisscoverletter_th.jpg
pehle_attention.pdf,/objects/pehle_attention.pdf,/objects/small/pehle_attention_sm.jpg,/objects/thumbs/pehle_attention_th.jpg
personal_acting_secretary.pdf,/objects/personal_acting_secretary.pdf,/objects/small/personal_acting_secretary_sm.jpg,/objects/thumbs/personal_acting_secretary_th.jpg
personalfromactingsecretary.pdf,/objects/personalfromactingsecretary.pdf,/objects/small/personalfromactingsecretary_sm.jpg,/objects/thumbs/personalfromactingsecretary_th.jpg
personalreportongovernmentactivity.pdf,/objects/personalreportongovernmentactivity.pdf,/objects/small/personalreportongovernmentactivity_sm.jpg,/objects/thumbs/personalreportongovernmentactivity_th.jpg
personnel_assignments_memo.pdf,/objects/personnel_assignments_memo.pdf,/objects/small/personnel_assignments_memo_sm.jpg,/objects/thumbs/personnel_assignments_memo_th.jpg
personnel_leaving_economics_cases.pdf,/objects/personnel_leaving_economics_cases.pdf,/objects/small/personnel_leaving_economics_cases_sm.jpg,/objects/thumbs/personnel_leaving_economics_cases_th.jpg
personnel_report_may_first.pdf,/objects/personnel_report_may_first.pdf,/objects/small/personnel_report_may_first_sm.jpg,/objects/thumbs/personnel_report_may_first_th.jpg
philip_heinrich_horlein_offices.pdf,/objects/philip_heinrich_horlein_offices.pdf,/objects/small/philip_heinrich_horlein_offices_sm.jpg,/objects/thumbs/philip_heinrich_horlein_offices_th.jpg
politicalprinciples.pdf,/objects/politicalprinciples.pdf,/objects/small/politicalprinciples_sm.jpg,/objects/thumbs/politicalprinciples_th.jpg
positions_report.pdf,/objects/positions_report.pdf,/objects/small/positions_report_sm.jpg,/objects/thumbs/positions_report_th.jpg
potsdam_conference_memory.pdf,/objects/potsdam_conference_memory.pdf,/objects/small/potsdam_conference_memory_sm.jpg,/objects/thumbs/potsdam_conference_memory_th.jpg
praphrasetelgram_fourzeroninefour.pdf,/objects/praphrasetelgram_fourzeroninefour.pdf,/objects/small/praphrasetelgram_fourzeroninefour_sm.jpg,/objects/thumbs/praphrasetelgram_fourzeroninefour_th.jpg
principles_of_conduct.pdf,/objects/principles_of_conduct.pdf,/objects/small/principles_of_conduct_sm.jpg,/objects/thumbs/principles_of_conduct_th.jpg
prioritiesofficer_to_edwinwpauley.pdf,/objects/prioritiesofficer_to_edwinwpauley.pdf,/objects/small/prioritiesofficer_to_edwinwpauley_sm.jpg,/objects/thumbs/prioritiesofficer_to_edwinwpauley_th.jpg
program_france_evacuation_discussion.pdf,/objects/program_france_evacuation_discussion.pdf,/objects/small/program_france_evacuation_discussion_sm.jpg,/objects/thumbs/program_france_evacuation_discussion_th.jpg
program_to_prevent_ germany_from_ war.pdf,/objects/program_to_prevent_ germany_from_ war.pdf,/objects/small/program_to_prevent_ germany_from_ war_sm.jpg,/objects/thumbs/program_to_prevent_ germany_from_ war_th.jpg
promotion_memo.pdf,/objects/promotion_memo.pdf,/objects/small/promotion_memo_sm.jpg,/objects/thumbs/promotion_memo_th.jpg
proposedmessagetocongress.pdf,/objects/proposedmessagetocongress.pdf,/objects/small/proposedmessagetocongress_sm.jpg,/objects/thumbs/proposedmessagetocongress_th.jpg
px_card_memo.pdf,/objects/px_card_memo.pdf,/objects/small/px_card_memo_sm.jpg,/objects/thumbs/px_card_memo_th.jpg
query_about_proposed_refugee_free_ports.pdf,/objects/query_about_proposed_refugee_free_ports.pdf,/objects/small/query_about_proposed_refugee_free_ports_sm.jpg,/objects/thumbs/query_about_proposed_refugee_free_ports_th.jpg
reassignment_interrogators.pdf,/objects/reassignment_interrogators.pdf,/objects/small/reassignment_interrogators_sm.jpg,/objects/thumbs/reassignment_interrogators_th.jpg
referencetotelegrams.pdf,/objects/referencetotelegrams.pdf,/objects/small/referencetotelegrams_sm.jpg,/objects/thumbs/referencetotelegrams_th.jpg
refugeerelocationafrica.pdf,/objects/refugeerelocationafrica.pdf,/objects/small/refugeerelocationafrica_sm.jpg,/objects/thumbs/refugeerelocationafrica_th.jpg
reparations_mission_tojapan.pdf,/objects/reparations_mission_tojapan.pdf,/objects/small/reparations_mission_tojapan_sm.jpg,/objects/thumbs/reparations_mission_tojapan_th.jpg
reparationsmeanpowerfulgermany.pdf,/objects/reparationsmeanpowerfulgermany.pdf,/objects/small/reparationsmeanpowerfulgermany_sm.jpg,/objects/thumbs/reparationsmeanpowerfulgermany_th.jpg
replyingtoworld_jewish_congress.pdf,/objects/replyingtoworld_jewish_congress.pdf,/objects/small/replyingtoworld_jewish_congress_sm.jpg,/objects/thumbs/replyingtoworld_jewish_congress_th.jpg
report_twozerothree.pdf,/objects/report_twozerothree.pdf,/objects/small/report_twozerothree_sm.jpg,/objects/thumbs/report_twozerothree_th.jpg
request_employment_me_weissbrodt.pdf,/objects/request_employment_me_weissbrodt.pdf,/objects/small/request_employment_me_weissbrodt_sm.jpg,/objects/thumbs/request_employment_me_weissbrodt_th.jpg
rescuing_refugees.pdf,/objects/rescuing_refugees.pdf,/objects/small/rescuing_refugees_sm.jpg,/objects/thumbs/rescuing_refugees_th.jpg
resignation_memo.pdf,/objects/resignation_memo.pdf,/objects/small/resignation_memo_sm.jpg,/objects/thumbs/resignation_memo_th.jpg
resignationletter.pdf,/objects/resignationletter.pdf,/objects/small/resignationletter_sm.jpg,/objects/thumbs/resignationletter_th.jpg
restricted.pdf,/objects/restricted.pdf,/objects/small/restricted_sm.jpg,/objects/thumbs/restricted_th.jpg
riegelman_fox_conversation.pdf,/objects/riegelman_fox_conversation.pdf,/objects/small/riegelman_fox_conversation_sm.jpg,/objects/thumbs/riegelman_fox_conversation_th.jpg
riegloman_luxford_conversation.pdf,/objects/riegloman_luxford_conversation.pdf,/objects/small/riegloman_luxford_conversation_sm.jpg,/objects/thumbs/riegloman_luxford_conversation_th.jpg
road_to_peace.pdf,/objects/road_to_peace.pdf,/objects/small/road_to_peace_sm.jpg,/objects/thumbs/road_to_peace_th.jpg
ruth_formatting_letter.pdf,/objects/ruth_formatting_letter.pdf,/objects/small/ruth_formatting_letter_sm.jpg,/objects/thumbs/ruth_formatting_letter_th.jpg
schnitzler_interrogation_three.pdf,/objects/schnitzler_interrogation_three.pdf,/objects/small/schnitzler_interrogation_three_sm.jpg,/objects/thumbs/schnitzler_interrogation_three_th.jpg
schnitzler_interrogation_two.pdf,/objects/schnitzler_interrogation_two.pdf,/objects/small/schnitzler_interrogation_two_sm.jpg,/objects/thumbs/schnitzler_interrogation_two_th.jpg
secretary_replacement.pdf,/objects/secretary_replacement.pdf,/objects/small/secretary_replacement_sm.jpg,/objects/thumbs/secretary_replacement_th.jpg
secretcontrol.pdf,/objects/secretcontrol.pdf,/objects/small/secretcontrol_sm.jpg,/objects/thumbs/secretcontrol_th.jpg
sectioneight.pdf,/objects/sectioneight.pdf,/objects/small/sectioneight_sm.jpg,/objects/thumbs/sectioneight_th.jpg
sectionfive.pdf,/objects/sectionfive.pdf,/objects/small/sectionfive_sm.jpg,/objects/thumbs/sectionfive_th.jpg
sectionfour.pdf,/objects/sectionfour.pdf,/objects/small/sectionfour_sm.jpg,/objects/thumbs/sectionfour_th.jpg
sectionone.pdf,/objects/sectionone.pdf,/objects/small/sectionone_sm.jpg,/objects/thumbs/sectionone_th.jpg
sectionseven.pdf,/objects/sectionseven.pdf,/objects/small/sectionseven_sm.jpg,/objects/thumbs/sectionseven_th.jpg
sectionsix.pdf,/objects/sectionsix.pdf,/objects/small/sectionsix_sm.jpg,/objects/thumbs/sectionsix_th.jpg
sectionthree.pdf,/objects/sectionthree.pdf,/objects/small/sectionthree_sm.jpg,/objects/thumbs/sectionthree_th.jpg
sectiontwo.pdf,/objects/sectiontwo.pdf,/objects/small/sectiontwo_sm.jpg,/objects/thumbs/sectiontwo_th.jpg
shipment.pdf,/objects/shipment.pdf,/objects/small/shipment_sm.jpg,/objects/thumbs/shipment_th.jpg
shortdiscussiontelegram.pdf,/objects/shortdiscussiontelegram.pdf,/objects/small/shortdiscussiontelegram_sm.jpg,/objects/thumbs/shortdiscussiontelegram_th.jpg
shortmemotopehle.pdf,/objects/shortmemotopehle.pdf,/objects/small/shortmemotopehle_sm.jpg,/objects/thumbs/shortmemotopehle_th.jpg
social_ill_foundin_antisemitism.pdf,/objects/social_ill_foundin_antisemitism.pdf,/objects/small/social_ill_foundin_antisemitism_sm.jpg,/objects/thumbs/social_ill_foundin_antisemitism_th.jpg
special_legal_assistant_duties.pdf,/objects/special_legal_assistant_duties.pdf,/objects/small/special_legal_assistant_duties_sm.jpg,/objects/thumbs/special_legal_assistant_duties_th.jpg
staff_assignments_special_investigations_branch.pdf,/objects/staff_assignments_special_investigations_branch.pdf,/objects/small/staff_assignments_special_investigations_branch_sm.jpg,/objects/thumbs/staff_assignments_special_investigations_branch_th.jpg
strength_report.pdf,/objects/strength_report.pdf,/objects/small/strength_report_sm.jpg,/objects/thumbs/strength_report_th.jpg
striegsberdienamedailee.pdf,/objects/striegsberdienamedailee.pdf,/objects/small/striegsberdienamedailee_sm.jpg,/objects/thumbs/striegsberdienamedailee_th.jpg
summaryoffinalpleasilcher.pdf,/objects/summaryoffinalpleasilcher.pdf,/objects/small/summaryoffinalpleasilcher_sm.jpg,/objects/thumbs/summaryoffinalpleasilcher_th.jpg
sympathymemo.pdf,/objects/sympathymemo.pdf,/objects/small/sympathymemo_sm.jpg,/objects/thumbs/sympathymemo_th.jpg
table_of_contents.pdf,/objects/table_of_contents.pdf,/objects/small/table_of_contents_sm.jpg,/objects/thumbs/table_of_contents_th.jpg
tedtojosiah.pdf,/objects/tedtojosiah.pdf,/objects/small/tedtojosiah_sm.jpg,/objects/thumbs/tedtojosiah_th.jpg
telegram_eight_eight_twentysix.pdf,/objects/telegram_eight_eight_twentysix.pdf,/objects/small/telegram_eight_eight_twentysix_sm.jpg,/objects/thumbs/telegram_eight_eight_twentysix_th.jpg
telegram_fivefivenineeight.pdf,/objects/telegram_fivefivenineeight.pdf,/objects/small/telegram_fivefivenineeight_sm.jpg,/objects/thumbs/telegram_fivefivenineeight_th.jpg
telegram_fiveonefortynine.pdf,/objects/telegram_fiveonefortynine.pdf,/objects/small/telegram_fiveonefortynine_sm.jpg,/objects/thumbs/telegram_fiveonefortynine_th.jpg
telegram_fournineeightynine.pdf,/objects/telegram_fournineeightynine.pdf,/objects/small/telegram_fournineeightynine_sm.jpg,/objects/thumbs/telegram_fournineeightynine_th.jpg
telegram_fourzeroninefour.pdf,/objects/telegram_fourzeroninefour.pdf,/objects/small/telegram_fourzeroninefour_sm.jpg,/objects/thumbs/telegram_fourzeroninefour_th.jpg
telegram_onetwofournine.pdf,/objects/telegram_onetwofournine.pdf,/objects/small/telegram_onetwofournine_sm.jpg,/objects/thumbs/telegram_onetwofournine_th.jpg
telegram_seven_nine_sixtynine.pdf,/objects/telegram_seven_nine_sixtynine.pdf,/objects/small/telegram_seven_nine_sixtynine_sm.jpg,/objects/thumbs/telegram_seven_nine_sixtynine_th.jpg
telegram_sevenfivezerosix_concern.pdf,/objects/telegram_sevenfivezerosix_concern.pdf,/objects/small/telegram_sevenfivezerosix_concern_sm.jpg,/objects/thumbs/telegram_sevenfivezerosix_concern_th.jpg
telegram_three_eight_twentyeight.pdf,/objects/telegram_three_eight_twentyeight.pdf,/objects/small/telegram_three_eight_twentyeight_sm.jpg,/objects/thumbs/telegram_three_eight_twentyeight_th.jpg
telegram_three_one_sixtyeight.pdf,/objects/telegram_three_one_sixtyeight.pdf,/objects/small/telegram_three_one_sixtyeight_sm.jpg,/objects/thumbs/telegram_three_one_sixtyeight_th.jpg
telegram_threesevenzeronine.pdf,/objects/telegram_threesevenzeronine.pdf,/objects/small/telegram_threesevenzeronine_sm.jpg,/objects/thumbs/telegram_threesevenzeronine_th.jpg
telegram_twoonesixtytwo.pdf,/objects/telegram_twoonesixtytwo.pdf,/objects/small/telegram_twoonesixtytwo_sm.jpg,/objects/thumbs/telegram_twoonesixtytwo_th.jpg
telegram_twozeroseventyseven.pdf,/objects/telegram_twozeroseventyseven.pdf,/objects/small/telegram_twozeroseventyseven_sm.jpg,/objects/thumbs/telegram_twozeroseventyseven_th.jpg
text_of_hitler_eleventh_anniversary.pdf,/objects/text_of_hitler_eleventh_anniversary.pdf,/objects/small/text_of_hitler_eleventh_anniversary_sm.jpg,/objects/thumbs/text_of_hitler_eleventh_anniversary_th.jpg
text_of_proposed_declaration_by_the_big_three.pdf.pdf,/objects/text_of_proposed_declaration_by_the_big_three.pdf.pdf,/objects/small/text_of_proposed_declaration_by_the_big_three.pdf_sm.jpg,/objects/thumbs/text_of_proposed_declaration_by_the_big_three.pdf_th.jpg
text_of_proposed_declaration_by_the_big_three.two.pdf.pdf,/objects/text_of_proposed_declaration_by_the_big_three.two.pdf.pdf,/objects/small/text_of_proposed_declaration_by_the_big_three.two.pdf_sm.jpg,/objects/thumbs/text_of_proposed_declaration_by_the_big_three.two.pdf_th.jpg
thankyouone.pdf,/objects/thankyouone.pdf,/objects/small/thankyouone_sm.jpg,/objects/thumbs/thankyouone_th.jpg
thankyousixtymillionjobs.pdf,/objects/thankyousixtymillionjobs.pdf,/objects/small/thankyousixtymillionjobs_sm.jpg,/objects/thumbs/thankyousixtymillionjobs_th.jpg
thankyoutwo.pdf,/objects/thankyoutwo.pdf,/objects/small/thankyoutwo_sm.jpg,/objects/thumbs/thankyoutwo_th.jpg
the_day_in_washington.pdf,/objects/the_day_in_washington.pdf,/objects/small/the_day_in_washington_sm.jpg,/objects/thumbs/the_day_in_washington_th.jpg
transcriptagainstott.pdf,/objects/transcriptagainstott.pdf,/objects/small/transcriptagainstott_sm.jpg,/objects/thumbs/transcriptagainstott_th.jpg
transcriptagainstotto.pdf,/objects/transcriptagainstotto.pdf,/objects/small/transcriptagainstotto_sm.jpg,/objects/thumbs/transcriptagainstotto_th.jpg
transfer_personnel_memo.pdf,/objects/transfer_personnel_memo.pdf,/objects/small/transfer_personnel_memo_sm.jpg,/objects/thumbs/transfer_personnel_memo_th.jpg
transfer_release_personnel.pdf,/objects/transfer_release_personnel.pdf,/objects/small/transfer_release_personnel_sm.jpg,/objects/thumbs/transfer_release_personnel_th.jpg
travel_memo.pdf,/objects/travel_memo.pdf,/objects/small/travel_memo_sm.jpg,/objects/thumbs/travel_memo_th.jpg
treasurydepartment_compliance.pdf,/objects/treasurydepartment_compliance.pdf,/objects/small/treasurydepartment_compliance_sm.jpg,/objects/thumbs/treasurydepartment_compliance_th.jpg
treasurydepartmentone.pdf,/objects/treasurydepartmentone.pdf,/objects/small/treasurydepartmentone_sm.jpg,/objects/thumbs/treasurydepartmentone_th.jpg
treasurydepartmentthankyou.pdf,/objects/treasurydepartmentthankyou.pdf,/objects/small/treasurydepartmentthankyou_sm.jpg,/objects/thumbs/treasurydepartmentthankyou_th.jpg
treasurystate_liscene.pdf,/objects/treasurystate_liscene.pdf,/objects/small/treasurystate_liscene_sm.jpg,/objects/thumbs/treasurystate_liscene_th.jpg
u.s_proposal_on_reparations_and_related_matters.pdf,/objects/u.s_proposal_on_reparations_and_related_matters.pdf,/objects/small/u.s_proposal_on_reparations_and_related_matters_sm.jpg,/objects/thumbs/u.s_proposal_on_reparations_and_related_matters_th.jpg
ulrich_harerlands_offices.pdf,/objects/ulrich_harerlands_offices.pdf,/objects/small/ulrich_harerlands_offices_sm.jpg,/objects/thumbs/ulrich_harerlands_offices_th.jpg
urgent_action_request.pdf,/objects/urgent_action_request.pdf,/objects/small/urgent_action_request_sm.jpg,/objects/thumbs/urgent_action_request_th.jpg
us_proposal_on_reparations_and_relatedmatters.pdf,/objects/us_proposal_on_reparations_and_relatedmatters.pdf,/objects/small/us_proposal_on_reparations_and_relatedmatters_sm.jpg,/objects/thumbs/us_proposal_on_reparations_and_relatedmatters_th.jpg
usinvitesbritishtorefugeeparley.pdf,/objects/usinvitesbritishtorefugeeparley.pdf,/objects/small/usinvitesbritishtorefugeeparley_sm.jpg,/objects/thumbs/usinvitesbritishtorefugeeparley_th.jpg
vesting_marshalling_of_german_external_property.pdf,/objects/vesting_marshalling_of_german_external_property.pdf,/objects/small/vesting_marshalling_of_german_external_property_sm.jpg,/objects/thumbs/vesting_marshalling_of_german_external_property_th.jpg
wagner_recommendation.pdf,/objects/wagner_recommendation.pdf,/objects/small/wagner_recommendation_sm.jpg,/objects/thumbs/wagner_recommendation_th.jpg
wagnerfor_freeports.pdf,/objects/wagnerfor_freeports.pdf,/objects/small/wagnerfor_freeports_sm.jpg,/objects/thumbs/wagnerfor_freeports_th.jpg
walter_duerrfeld_charges.pdf,/objects/walter_duerrfeld_charges.pdf,/objects/small/walter_duerrfeld_charges_sm.jpg,/objects/thumbs/walter_duerrfeld_charges_th.jpg
walter_duerrfelds_offices.pdf,/objects/walter_duerrfelds_offices.pdf,/objects/small/walter_duerrfelds_offices_sm.jpg,/objects/thumbs/walter_duerrfelds_offices_th.jpg
war_crimes_screening.pdf,/objects/war_crimes_screening.pdf,/objects/small/war_crimes_screening_sm.jpg,/objects/thumbs/war_crimes_screening_th.jpg
warcrimesintro.pdf,/objects/warcrimesintro.pdf,/objects/small/warcrimesintro_sm.jpg,/objects/thumbs/warcrimesintro_th.jpg
warningprivatemessages.pdf,/objects/warningprivatemessages.pdf,/objects/small/warningprivatemessages_sm.jpg,/objects/thumbs/warningprivatemessages_th.jpg
wellbeingresponsibility.pdf,/objects/wellbeingresponsibility.pdf,/objects/small/wellbeingresponsibility_sm.jpg,/objects/thumbs/wellbeingresponsibility_th.jpg
wilhelm_mann_charges.pdf,/objects/wilhelm_mann_charges.pdf,/objects/small/wilhelm_mann_charges_sm.jpg,/objects/thumbs/wilhelm_mann_charges_th.jpg
wilhelm_ottos_offices.pdf,/objects/wilhelm_ottos_offices.pdf,/objects/small/wilhelm_ottos_offices_sm.jpg,/objects/thumbs/wilhelm_ottos_offices_th.jpg
wilhelm_rudolf_manns_offices.pdf,/objects/wilhelm_rudolf_manns_offices.pdf,/objects/small/wilhelm_rudolf_manns_offices_sm.jpg,/objects/thumbs/wilhelm_rudolf_manns_offices_th.jpg
work_requirements_per_week.pdf,/objects/work_requirements_per_week.pdf,/objects/small/work_requirements_per_week_sm.jpg,/objects/thumbs/work_requirements_per_week_th.jpg
world_jewish_congress_attached.pdf,/objects/world_jewish_congress_attached.pdf,/objects/small/world_jewish_congress_attached_sm.jpg,/objects/thumbs/world_jewish_congress_attached_th.jpg
written_secret_control.pdf,/objects/written_secret_control.pdf,/objects/small/written_secret_control_sm.jpg,/objects/thumbs/written_secret_control_th.jpg
